original_name,new_name
VM5-2428102(19-3-C)_20250410172517.csv,1.csv
VM5-2428103(3-3-0)_20250410165022.csv,2.csv
VM5-2428109(26-3-0)_20250410174125.csv,3.csv
VM5-2428111(43-4-0)_20250410181631.csv,4.csv
VM5-2428114(8-2-0)_20250410165752.csv,5.csv
VM5-2428116(9-4-0)_20250410170208.csv,6.csv
VM5-2428117(34-4-0)_20250410175745.csv,7.csv
VM5-2428118(37-2-D)_20250410180412.csv,8.csv
VM5-2428119(19-4-0)_20250410172549.csv,9.csv
VM5-2428122(46-4-0)_20250410182403.csv,10.csv
VM5-2428123(43-2-0)_20250410181527.csv,11.csv
VM5-2428128(3-2-0)_20250410164930.csv,12.csv
VM5-2428129(45-2-0)_20250410181958.csv,13.csv
VM5-2428130(16-3-0)_20250410171803.csv,14.csv
VM5-2437001(45-5-0)_20250410182218.csv,15.csv
VM5-2437006(6-3-0)_20250410165427.csv,16.csv
VM5-2437009(39-3-0)_20250410180829.csv,17.csv
VM5-2437010(45-4-0)_20250410182138.csv,18.csv
VM5-2437013(27-4-0)_20250410174311.csv,19.csv
VM5-2437014(44-3-0)_20250410181740.csv,20.csv
VM5-2437016(26-1-0)_20250410174015.csv,21.csv
VM5-2437019(9-3-0)_20250410170126.csv,22.csv
VM5-2437024(12-1-0)_20250410170705.csv,23.csv
VM5-2437025(5-1-0)_20250410165249.csv,24.csv
VM5-2437027(20-4-0)_20250410172708.csv,25.csv
VM5-2437036(37-2-B)_20250410180300.csv,26.csv
VM5-2437040(41-1-0)_20250410181022.csv,27.csv
VM5-2437042(3-4-0)_20250410165104.csv,28.csv
VM5-2437043(38-4-0)_20250410180729.csv,29.csv
VM5-2437044(28-1-0)_20250410174354.csv,30.csv
VM5-2437051(29-4-B)_20250410174722.csv,31.csv
VM5-2437053(22-1-0)_20250410172912.csv,32.csv
VM5-2437054(11-2-0)_20250410170522.csv,33.csv
VM5-2437056(7-2-0)_20250410165553.csv,34.csv
VM5-2437057(19-3-B)_20250410172442.csv,35.csv
VM5-2437058(26-4-0)_20250410174204.csv,36.csv
VM5-2437059(37-2-E)_20250410180443.csv,37.csv
VM5-2437060(2-4-0)_20250410164704.csv,38.csv
VM5-2437061(36-1-0)_20250410175928.csv,39.csv
VM5-2437062(1-1-0)_20250410164310.csv,40.csv
VM5-2437063(30-2-0)_20250410174913.csv,41.csv
VM5-2437066(18-1-0)_20250410172113.csv,42.csv
VM5-2437067(9-2-0)_20250410170044.csv,43.csv
VM5-2437068(22-4-0)_20250410173100.csv,44.csv
VM5-2437069(4-2-0)_20250410165143.csv,45.csv
VM5-2437070(19-1-0)_20250410172255.csv,46.csv
VM5-2437071(29-4-C)_20250410174757.csv,47.csv
VM5-2437072(26-2-0)_20250410174052.csv,48.csv
VM5-2437073(37-2-C)_20250410180340.csv,49.csv
VM5-2437074(31-2-0)_20250410175146.csv,50.csv
VM5-2437075(24-3-0)_20250410173548.csv,51.csv
VM5-2437076(46-3-0)_20250410182321.csv,52.csv
VM5-2437080(46-2-0)_20250410182248.csv,53.csv
VM5-2437081(31-4-0)_20250410175248.csv,54.csv
VM5-2437082(6-1-0)_20250410165355.csv,55.csv
VM5-2437084(24-4-0)_20250410173623.csv,56.csv
VM5-2438120(7-4-0)_20250410165703.csv,57.csv
VM6-2413132(10-4-0)_20250410170415.csv,58.csv
VM6-2415104(36-4-0)_20250410180053.csv,59.csv
VM6-2415105(45-3-A)_20250410182105.csv,60.csv
VM6-2415135(37-4-0)_20250410180527.csv,61.csv
VM6-2415156(15-2-0)_20250410171458.csv,62.csv
VM6-2417131(42-3-0)_20250410181359.csv,63.csv
VM6-2417133(10-1-0)_20250410170303.csv,64.csv
VM6-2417144(39-4-0)_20250410180915.csv,65.csv
VM6-2418105(21-5-0)_20250410172832.csv,66.csv
VM6-2418111(32-4-0)_20250410175531.csv,67.csv
VM6-2418115(8-4-0)_20250410165924.csv,68.csv
VM6-2418120(30-3-0)_20250410175004.csv,69.csv
VM6-2418123(27-2-0)_20250410174237.csv,70.csv
VM6-2418124(20-3-0)_20250410172631.csv,71.csv
VM6-2418197(17-1-0)_20250410171835.csv,72.csv
VM6-2419106(25-1-0)_20250410173731.csv,73.csv
VM6-2419123(12-3-0)_20250410170818.csv,74.csv
VM6-2419124(17-2-0)_20250410171913.csv,75.csv
VM6-2419133(7-3-0)_20250410165628.csv,76.csv
VM6-2419136(2-2-0)_20250410164456.csv,77.csv
VM6-2419137(28-3-0)_20250410174428.csv,78.csv
VM6-2419141(12-4-0)_20250410170856.csv,79.csv
VM6-2419180(23-5-0)_20250410173443.csv,80.csv
VM6-2419197(9-1-0)_20250410165958.csv,81.csv
VM6-2419198(43-3-0)_20250410181559.csv,82.csv
VM6-2419199(14-3-0)_20250410171249.csv,83.csv
VM6-2420139(15-3-0)_20250410171532.csv,84.csv
VM6-2420141(31-3-0)_20250410175218.csv,85.csv
VM6-2420144(14-1-0)_20250410171124.csv,86.csv
VM6-2422140(10-3-0)_20250410170338.csv,87.csv
VM6-2422150(14-2-0)_20250410171212.csv,88.csv
VM6-2431120(1-3-0)_20250410164350.csv,89.csv
VM6-2431122(34-3-0)_20250410175712.csv,90.csv
VM6-2431123(23-2-0)_20250410173257.csv,91.csv
VM6-2431125(16-1-0)_20250410171656.csv,92.csv
VM6-2431126(23-3-0)_20250410173338.csv,93.csv
VM6-2431129(5-4-0)_20250410165324.csv,94.csv
VM6-2431132(15-4-0)_20250410171610.csv,95.csv
VM6-2431134(29-1-0)_20250410174503.csv,96.csv
VM6-2431136(22-5-0)_20250410173149.csv,97.csv
VM6-2431138(23-4-0)_20250410173409.csv,98.csv
VM6-2431156(41-3-0)_20250410181139.csv,99.csv
VM6-2431157(30-1-0)_20250410174840.csv,100.csv
VM6-2431158(17-3-0)_20250410171954.csv,101.csv
VM6-2431159(38-2-0)_20250410180600.csv,102.csv
VM6-2431174(4-4-0)_20250410165218.csv,103.csv
VM6-2433159(13-4-0)_20250410171050.csv,104.csv
VM6-2433180(35-4-0)_20250410175857.csv,105.csv
VM6-2433190(44-4-0)_20250410181810.csv,106.csv
VM6-2433191(41-4-0)_20250410181219.csv,107.csv
VM6-2433192(29-2-0)_20250410174538.csv,108.csv
VM6-2433193(3-1-0)_20250410164738.csv,109.csv
VM6-2433194(46-5-0)_20250410182446.csv,110.csv
VM6-2435123(11-4-0)_20250410170625.csv,111.csv
VM6-2435126(29-4-0)_20250410174613.csv,112.csv
VM6-2435128(41-2-0)_20250410181057.csv,113.csv
VM6-2435129(45-1-0)_20250410181922.csv,114.csv
VM6-2435130(30-4-0)_20250410175038.csv,115.csv
VM6-2435131(1-2-0)_20250410164150.csv,116.csv
VM6-2435132(44-5-0)_20250410181847.csv,117.csv
VM6-2435134(35-3-0)_20250410175818.csv,118.csv
VM6-2435136(44-2-0)_20250410181702.csv,119.csv
VM6-2435137(25-4-0)_20250410173911.csv,120.csv
VM6-2435139(22-3-0)_20250410173023.csv,121.csv
VM6-2435140(25-5-0)_20250410173943.csv,122.csv
VM6-2435161(11-3-0)_20250410170554.csv,123.csv
VM6-2435164(15-1-0)_20250410171413.csv,124.csv
VM6-2436121(32-1-0)_20250410175319.csv,125.csv
VM6-2436144(8-3-0)_20250410165842.csv,126.csv
VM6-2436149(24-5-0)_20250410173653.csv,127.csv
VM6-2436150(32-3-0)_20250410175455.csv,128.csv
VM6-2436173(12-2-0)_20250410170745.csv,129.csv
VM6-2436180(32-2-0)_20250410175352.csv,130.csv
VM6-2437102(25-2-0)_20250410173833.csv,131.csv
VM6-2437108(18-2-0)_20250410172146.csv,132.csv
VM6-2437109(19-3-0)_20250410172330.csv,133.csv
VM6-2437124(40-2-0)_20250410180951.csv,134.csv
VM6-2438124(17-4-0)_20250410172038.csv,135.csv
VM6-2438131(23-1-0)_20250410173224.csv,136.csv
VM6-2438134(37-2-0)_20250410180135.csv,137.csv
VM6-2438136(22-2-0)_20250410172944.csv,138.csv
VM6-2438142(13-1-0)_20250410170933.csv,139.csv
VM6-2438160(42-4-0)_20250410181449.csv,140.csv
VM6-2439133(24-2-0)_20250410173518.csv,141.csv
VM6-2439135(29-4-A)_20250410174647.csv,142.csv
VM6-2443131(21-4-0)_20250410172751.csv,143.csv
VM6-2443136(11-1-0)_20250410170446.csv,144.csv
VM6-2443162(16-2-0)_20250410171729.csv,145.csv
VM6-2443165(14-4-0)_20250410171323.csv,146.csv
VM6-2443167(19-3-A)_20250410172405.csv,147.csv
VM6-2443169(31-1-0)_20250410175109.csv,148.csv
VM6-2444115(38-3-0)_20250410180641.csv,149.csv
VM6-2444121(33-1-0)_20250410175606.csv,150.csv
VM6-2446110(42-2-0)_20250410181322.csv,151.csv
VM6-2446165(13-3-0)_20250410171016.csv,152.csv
VM6-2446167(36-2-0)_20250410180018.csv,153.csv
VM6-2446168(18-3-0)_20250410172219.csv,154.csv
VM6-2446171(34-2-0)_20250410175636.csv,155.csv
VM6-2447129(7-1-0)_20250410165502.csv,156.csv
VM6-2448172(45-3-0)_20250410182035.csv,157.csv
VM6-2449183(42-1-0)_20250410181250.csv,158.csv
